{"cameraMode":{"drawMode":0,"name":"Shaded","section":"Shading Mode"},"sceneLighting":true,"audioPlay":false,"sceneViewState":{"showFog":true,"showMaterialUpdate":false,"showSkybox":true,"showFlares":true,"showImageEffects":true,"showParticleSystems":true},"in2DMode":false,"pivot":{"x":-1.5804810523986817,"y":1.2534723281860352,"z":-2.424649953842163},"rotation":{"x":0.03735991567373276,"y":0.9556311964988709,"z":-0.1388716846704483,"w":0.2570866048336029},"size":4.031811714172363,"orthographic":false}